{
  "xyz": "dot_demo.xyz",
  "detected_radius_nm": 3.0224286592076908,
  "field_Vnm": 0.01,
  "n_atoms": 56,
  "shells": [
    12.0,
    9.600000000000001,
    7.6800000000000015,
    6.144000000000002,
    4.915200000000002,
    3.932160000000002
  ]
}